cluster_id,slug,head_term,size,sample_keywords,monthly_volume,daily_volume,kd_avg,cpc_avg,monetisation_proxy,trend_label,trend_slope,serp_openness,intent_share,top5_domains,composite,verdict,flags
C005,hyrox-shoes,hyrox shoes,3,best hyrox shoes | best shoes for hyrox | hyrox shoes,8700,290.0,0.0,1.92,15364.0,rising,0.0277,1.0,0.667,us.hyrox-shop.com | www.reddit.com | www.runnersworld.com | slrc.com | us.puma.com,0.898,GO,
C004,hyrox-near-me,hyrox near me,10,hyrox affiliate gyms | hyrox affiliated gyms | hyrox gym | hyrox gym finder | hyrox gym near me | hyrox gyms | hyrox gyms near me | hyrox near me,32290,1076.3,10.1,3.77,81915.3,rising,0.0236,0.6,0.0,hyrox.com | hyroxus.com | hyrox-training-finder.hyrox.com | evolutionlongisland.com | hyrox.com,0.842,GO,
C001,hyrox-workout,hyrox workout,39,find a hyrox gym | good hyrox time | how to train for hyrox | hyrox 12 week training plan | hyrox 8 week training plan | hyrox accessories | hyrox athlete tracker | hyrox average time,125230,4174.3,7.0,1.75,192538.8,flat,0.0111,0.8,0.026,hyrox.com | www.stridefitness.com | www.eosfitness.com | www.reddit.com | www.bjornborg.com,0.832,GO,
C007,hyrox-doubles,hyrox doubles,1,hyrox doubles,2900,96.7,3.0,5.48,15892.0,rising,0.021,0.8,0.0,hyrox.com | maintain.hyrox.com | www.gowod.app | www.gymshark.com | www.facebook.com,0.805,GO,
C014,nike-metcon-vs-nobull,nike metcon vs nobull,2,nike metcon vs nobull | reebok nano vs nike metcon,340,11.3,0.5,0.97,329.8,rising,0.5455,1.0,1.0,www.reddit.com | nobullproject.com | thatfitfriend.com | www.youtube.com | www.garagegymreviews.com,0.776,GO,VOLUME_BELOW_FLOOR
C008,hyrox-vs-crossfit,hyrox vs crossfit,1,hyrox vs crossfit,2900,96.7,0.0,0.23,667.0,flat,0.0027,1.0,1.0,www.reddit.com | www.menshealth.com | www.villagegym.co.uk | www.crossfit.com | www.puregym.com,0.761,GO,
C002,what-is-hyrox,what is hyrox,5,hyrox live results | hyrox race results | hyrox times | hyrox tracker | what is hyrox,35490,1183.0,17.8,0.14,23832.0,flat,0.0178,0.6,0.0,hyrox.com | www.reddit.com | en.wikipedia.org | www.redbull.com | hyrox.com,0.732,GO,
C011,hyrox-ski-erg,hyrox ski erg,1,hyrox ski erg,390,13.0,1.0,3.86,1505.4,flat,0.0,1.0,0.0,roxlyfe.com | www.concept2.com | www.instagram.com | www.rox-coach.com | eu.velitessport.com,0.68,GO,VOLUME_BELOW_FLOOR
C013,hyrox-training-plan-pdf,hyrox training plan pdf,1,hyrox training plan pdf,210,7.0,0.0,8.2,1722.0,flat,0.0,1.0,0.0,www.scribd.com | www.puregym.com | www.reddit.com | tryformd.com | hyroxs.com,0.671,GO,VOLUME_BELOW_FLOOR
C006,hyrox-tickets,hyrox tickets,2,hyrox registration | hyrox tickets,5120,170.7,20.5,1.97,2829.6,rising,0.0383,0.2,0.0,hyrox.com | hyrox.com | hyrox.com | hyrox.com | hyroxus.com,0.663,GO,
C010,hyrox-rules,hyrox rules,1,hyrox rules,1000,33.3,21.0,0.59,590.0,flat,0.0039,0.8,0.0,hyrox.com | maintain.hyrox.com | hyrox.co.in | hyroxbenelux.com | maintain.hyrox.com,0.614,SHORTLIST,VOLUME_BELOW_FLOOR
C003,hyrox-results,hyrox results,1,hyrox results,12100,403.3,10.0,0.0,0,flat,0.01,0.8,0.0,www.hyresult.com | results.hyrox.com | hyroxresults.com | hyrox.com | www.trainrox.com,0.579,SHORTLIST,
C015,hyrox-vs-deka,hyrox vs deka,1,hyrox vs deka,90,3.0,0.0,0.0,0,flat,0.0,1.0,1.0,www.reddit.com | www.trxtraining.com | www.facebook.com | hyperwear.com | www.triofitnesstraining.com,0.573,SHORTLIST,VOLUME_BELOW_FLOOR
C009,hyrox-relay,hyrox relay,1,hyrox relay,1600,53.3,5.0,0.0,0,flat,0.0027,0.8,0.0,hyrox.com | www.reddit.com | hyrox.mx | www.facebook.com | hyroxaustralia.com,0.545,SHORTLIST,VOLUME_BELOW_FLOOR
C012,hyrox-divisions,hyrox divisions,1,hyrox divisions,320,10.7,20.0,0.0,0,falling,-0.2799,0.6,0.0,hyrox.com | hyrox.com | hyroxtaiwan.com | hyroxinsider.com | hyroxbenelux.com,0.375,PARK,VOLUME_BELOW_FLOOR
