keyword,search_volume,recent_3mo_avg,keyword_difficulty,cpc_usd,competition,site_top10_position,site_top10_url,top10_domains,serp_data
hyrox gym,3600,5800,10,2.31,LOW,,,hyrox-training-finder.hyrox.com | goldsgymgasworx.com | citygymkc.com | www.prvnnashville.com | hyrox.com | eliteperformcenter.com | hyrox.co.in | www.instagram.com | ninjathlete.com,yes
hyrox gyms,3600,5800,10,2.31,LOW,6,https://www.hyroxvault.com/gyms/map/,hyrox-training-finder.hyrox.com | hyrox.com | goldsgymgasworx.com | citygymkc.com | hyroxus.com | www.hyroxvault.com | eliteperformcenter.com | ninjathlete.com | www.superprof.com,yes
hyrox gym near me,4400,5467,0,2.2,MEDIUM,9,https://www.hyroxvault.com/gyms/map/,hyrox-training-finder.hyrox.com | eliteperformcenter.com | trainatsigma.com | citygymkc.com | www.instagram.com | colfaxstrong.com | www.plainvillestrengthandwellness.com | hyrox.co.in | www.hyroxvault.com,yes
hyrox gyms near me,1300,1600,5,2.72,MEDIUM,,,hyrox-training-finder.hyrox.com | www.eastyardcrossfit.com | colfaxstrong.com | citygymkc.com | trainatsigma.com | eliteperformcenter.com | www.instagram.com | hyroxus.com | hyrox.com,yes
hyrox near me,9900,15000,16,1.43,LOW,,,hyrox.com | hyroxus.com | hyrox-training-finder.hyrox.com | evolutionlongisland.com | hyrox.com | www.azpipt.com | www.facebook.com | citygymkc.com | www.instagram.com | www.elevateptperformance.com,yes
hyrox training near me,3600,4733,9,3.09,MEDIUM,,,hyrox-training-finder.hyrox.com | www.eastyardcrossfit.com | eliteperformcenter.com | trainatsigma.com | colfaxstrong.com | citygymkc.com | www.altafit.us | hyrox.co.in | hyrox.com | carbonperformance.com,yes
hyrox affiliated gyms,1300,3133,,3.83,LOW,6,https://www.hyroxvault.com/gyms/map/,hyrox-training-finder.hyrox.com | www.facebook.com | hyroxus.com | www.superprof.com | hyrox.co.in | www.hyroxvault.com | ninjathlete.com | hungerinthewild.com | elitespeedsp.com,yes
hyrox affiliate gyms,1300,3133,15,3.83,LOW,,,hyrox-training-finder.hyrox.com | www.facebook.com | hyroxus.com | eliteperformcenter.com | goldsgymgasworx.com | www.hyrox365.com | ninjathlete.com | www.superprof.com,yes
hyrox training club,2900,4533,26,4.22,LOW,,,hyrox-training-finder.hyrox.com | www.chicagoathleticclubs.com | goldsgymgasworx.com | hyrox.com | www.hyrox365.com | hyrox.co.in | www.instagram.com | www.mroctraining.com,yes
hyrox gym finder,390,1097,0,11.77,LOW,3,https://www.hyroxvault.com/gyms/map/,hyrox-training-finder.hyrox.com | hyrox.co.in | www.hyroxvault.com | thebattlebunker.com | www.superprof.com | www.facebook.com | hyrox.com | ninjathlete.com | www.instagram.com | hyrox.com,yes
find a hyrox gym,30,40,32,5.79,LOW,6,https://www.hyroxvault.com/gyms/map/,hyrox-training-finder.hyrox.com | hyroxus.com | hyrox.com | www.superprof.com | hyrox.co.in | www.hyroxvault.com | hyroxuk.com | www.facebook.com | thebattlebunker.com | rb100.fitness,yes
hyrox gym london,20,17,0,,LOW,,,,no
hyrox gym new york,20,17,,2.79,MEDIUM,,,,no
hyrox gym sydney,10,10,,,LOW,,,,no
hyrox gym toronto,10,10,,,LOW,,,,no
hyrox gym berlin,10,7,,,LOW,,,,no
hyrox gym singapore,10,10,,,LOW,,,,no
hyrox training plan,9900,12267,0,1.73,LOW,,,hyroxus.com | www.stridefitness.com | www.reddit.com | www.puregym.com | www.eosfitness.com | www.sugarwod.com | hyrox.com,yes
hyrox training program,3600,4367,0,3.12,LOW,,,www.stridefitness.com | hyrox.com | www.reddit.com | www.puregym.com | www.eosfitness.com | hyroxus.com | www.sugarwod.com | www.hwpotraining.com | www.youtube.com,yes
hyrox training plan pdf,210,130,0,8.2,LOW,,,www.scribd.com | www.puregym.com | www.reddit.com | tryformd.com | hyroxs.com | hyroxtraininggear.com | www.compromisedrunning.com | fitnessdrum.com | www.scribd.com | assets-global.website-files.com,yes
hyrox training plan beginner,40,37,,1.24,LOW,,,www.reddit.com | www.stridefitness.com | www.puregym.com | www.sugarwod.com | traversefitness.com | www.redbull.com | hyrox.com | www.womenshealthmag.com,yes
hyrox 12 week training plan,140,360,0,3.29,LOW,,,www.stridefitness.com | www.reddit.com | www.bodyspec.com | www.puregym.com | hyroxs.com | www.scribd.com | marketplace.trainheroic.com | www.findyouredge.app | www.reddit.com,yes
hyrox 8 week training plan,50,37,0,6.04,LOW,,,www.reddit.com | hyroxus.com | www.bodyspec.com | www.puregym.com | www.stridefitness.com | www.trxtraining.com | www.sugarwod.com | marketplace.trainheroic.com,yes
hyrox training schedule,260,210,0,0.96,LOW,,,hyroxus.com | www.puregym.com | www.stridefitness.com | www.reddit.com | www.eosfitness.com | traversefitness.com | hyrox.com | www.sugarwod.com,yes
how to train for hyrox,1600,2400,3,0.86,MEDIUM,,,hyrox.com | www.reddit.com | www.stridefitness.com | www.puregym.com | traversefitness.com | www.youtube.com | www.redbull.com | www.eosfitness.com,yes
hyrox beginner guide,,,,,,,,,no
hyrox workout,49500,65000,2,1.42,LOW,,,hyrox.com | www.stridefitness.com | www.eosfitness.com | www.reddit.com | www.bjornborg.com | wodwell.com | www.instagram.com | www.medicalnewstoday.com,yes
hyrox workouts,49500,65000,2,1.42,LOW,,,wodwell.com | hyrox.com | www.reddit.com | www.stridefitness.com | www.fitnessacademy.com | www.instagram.com | www.eosfitness.com | www.bjornborg.com,yes
hyrox wod,880,1387,0,1.58,LOW,,,wodwell.com | hyroxhk.com | www.fitnessacademy.com | www.307athlete.com | www.instagram.com | www.youtube.com | hyrox.com | www.reddit.com | www.pinterest.com,yes
hyrox simulation workout,170,160,0,4.08,LOW,,,builtforathletes.com | www.reddit.com | rb100.fitness | hyrox.com | www.menshealth.com | competitioncorner.net | www.instagram.com,yes
hyrox accessories,50,83,8,1.76,HIGH,,,us.hyrox-shop.com | shop.centr.com | us.hyrox-shop.com | www.youtube.com | hyroxdatalab.com | www.etsy.com | www.strengthshopusa.com | www.gq-magazine.co.uk | www.instagram.com,yes
hyrox gear,480,553,0,1.61,HIGH,,,us.hyrox-shop.com | us.puma.com | www.shoporangetheory.com | shop.centr.com | www.instagram.com | hyroxdatalab.com,yes
hyrox equipment,590,1060,7,4.87,HIGH,,,shop.centr.com | www.networldsports.com | www.roguefitness.com | www.facebook.com | www.performbetter.com | wod.guru | www.youtube.com | www.concept2.com,yes
best hyrox shoes,1900,2233,0,2.16,HIGH,,,roxlyfe.com | www.runnersworld.com | www.reddit.com | www.wheelhouse.academy | www.runningxpert.com | slrc.com | us.hyrox-shop.com | www.youtube.com,yes
hyrox shoes,4400,7100,0,1.31,HIGH,,,us.hyrox-shop.com | www.reddit.com | www.runnersworld.com | slrc.com | us.puma.com | www.triofitnesstraining.com | roxlyfe.com | runrepeat.com,yes
reebok nano x4 vs nike metcon 9,10,13,0,,LOW,,,,no
reebok nano vs nike metcon,170,173,0,0.98,HIGH,,,www.reddit.com | thatfitfriend.com | www.runningshoesguru.com | thatfitfriend.com | fitatmidlife.com | www.youtube.com | barbend.com | thesportsedit.com | www.youtube.com,yes
nike metcon vs nobull,170,160,1,0.96,HIGH,,,www.reddit.com | nobullproject.com | thatfitfriend.com | www.youtube.com | www.garagegymreviews.com | breakingmuscle.com | www.youtube.com | thatfitfriend.com,yes
best shoes for hyrox,2400,2967,0,2.29,HIGH,,,roxlyfe.com | www.runnersworld.com | www.reddit.com | www.wheelhouse.academy | slrc.com | www.runningxpert.com | www.youtube.com | us.hyrox-shop.com,yes
hyrox shoes for wide feet,10,17,,1.48,HIGH,,,,no
hyrox grip socks,10,10,,2.03,HIGH,,,,no
hyrox gloves,170,263,0,1.45,HIGH,,,us.hyrox-shop.com | www.reddit.com | www.theroxguys.com | www.facebook.com | www.youtube.com | www.rmr.training | gloovz.com | sportfits.eu,yes
hyrox belt,10,10,,5.67,HIGH,,,,no
hyrox live tracking,260,507,27,,LOW,3,https://www.hyroxvault.com/live/,www.hyresult.com | results.hyrox.com | www.hyroxvault.com | hyrox.com | roxfit.app | www.facebook.com | www.reddit.com | hyroxresults.com | www.instagram.com,yes
hyrox live results,320,510,25,,LOW,,,results.hyrox.com | www.hyresult.com | hyroxresults.com | www.facebook.com | www.trainrox.com | roxlyfe.com | hyroxapac.zendesk.com | hyrox.com | www.rox-coach.com,yes
hyrox results,12100,16367,10,,LOW,,,www.hyresult.com | results.hyrox.com | hyroxresults.com | hyrox.com | www.trainrox.com | hyroxapac.zendesk.com | roxlyfe.com,yes
hyrox live,140,200,74,,LOW,,,www.youtube.com | hyrox.com | www.instagram.com | www.youtube.com | www.reddit.com | www.youtube.com | inspohub.io,yes
hyrox tracker,480,1027,,,LOW,4,https://www.hyroxvault.com/live/,www.hyresult.com | hyrox.com | roxfit.app | www.hyroxvault.com | hyroxresults.com | www.trainrox.com | roxlyfe.com | hyrox.com | roxfinder.fr | www.hyresult.com,yes
hyrox athlete tracker,90,130,27,,LOW,6,https://www.hyroxvault.com/live/,www.hyresult.com | hyrox.com | www.facebook.com | roxfit.app | www.reddit.com | www.hyroxvault.com | apps.apple.com | hyroxresults.com | roxlyfe.com,yes
hyrox race results,590,690,15,,LOW,,,results.hyrox.com | www.hyresult.com | hyroxresults.com | www.trainrox.com | roxlyfe.com | hyroxapac.zendesk.com | hyrox.com | www.rox-coach.com | hyrox.com | www.facebook.com,yes
hyrox leaderboard,210,283,29,,LOW,,,results.hyrox.com | www.hyresult.com | points.hyrox.com | hyroxresults.com | hyrox.com | roxlyfe.com | www.redbull.com | www.trainrox.com | pft.hyrox.com | www.hyresult.com,yes
hyrox times,1000,1600,9,,LOW,,,hyrox.com | www.hyresult.com | www.reddit.com | roxlyfe.com | hyrox.com | www.gowod.app | hyroxdatalab.com | prommer.net,yes
hyrox average time,260,367,0,,LOW,,,www.reddit.com | roxlyfe.com | www.menshealth.com | www.facebook.com | www.findyouredge.app | www.competitive.fit | hyroxdatalab.com | www.instagram.com | www.redbull.com,yes
good hyrox time,320,433,,,LOW,,,www.reddit.com | hyroxdatalab.com | roxlyfe.com | www.facebook.com | www.menshealth.com | www.findyouredge.app | www.competitive.fit,yes
hyrox time standards,10,10,,,LOW,,,,no
hyrox world record,590,783,0,,LOW,,,roxlyfe.com | www.youtube.com | www.redbull.com | www.instagram.com | www.reddit.com | en.wikipedia.org | www.hyresult.com | www.redbull.com,yes
hyrox qualifying times,30,23,,,LOW,4,https://www.hyroxvault.com/qualifiers/,hyrox.com | www.reddit.com | roxlyfe.com | www.hyroxvault.com | hyrox.com | hyrox.co.in | hyroxdach.com | hyrox.com,yes
hyrox pro times,40,40,1,,LOW,,,roxlyfe.com | hyrox.com | prommer.net | hyroxdatalab.com | www.theprogrm.com | www.menshealth.com | www.redbull.com | www.instagram.com | www.reddit.com,yes
hyrox age group times,10,10,,,LOW,,,,no
hyrox calculator,90,113,0,,LOW,,,www.hyresult.com | kracey.com | www.reddit.com | hybridathleteclub.com | prommer.net | www.roxhype.com | battlegrouptraining.com | www.facebook.com | rjcoaching.co.uk | racekeep.com,yes
hyrox time calculator,70,100,0,,LOW,,,www.hyresult.com | www.reddit.com | kracey.com | prommer.net | battlegrouptraining.com | hybridathleteclub.com | www.roxhype.com | www.facebook.com | www.youtube.com | summitmentality.com,yes
hyrox pace calculator,110,273,0,,LOW,,,www.hyresult.com | kracey.com | www.reddit.com | prommer.net | hybridathleteclub.com | www.roxhype.com | www.facebook.com | racekeep.com | www.youtube.com | battlegrouptraining.com,yes
hyrox predictor,10,10,,,LOW,,,,no
hyrox wall balls,1300,1600,0,3.42,HIGH,,,shop.centr.com | roxlyfe.com | www.reddit.com | us.hyrox-shop.com | www.instagram.com | www.performbetter.com | www.youtube.com | www.redbull.com,yes
hyrox sled push,880,960,0,1.6,LOW,,,www.reddit.com | www.puregym.com | www.instagram.com | www.youtube.com | www.gymshark.com | shop.centr.com | www.pace-club.com,yes
hyrox sled pull,880,920,0,6.61,LOW,,,roxlyfe.com | www.reddit.com | www.puregym.com | www.instagram.com | www.pace-club.com | wodwell.com,yes
hyrox burpee broad jump,480,553,0,,LOW,,,roxlyfe.com | www.reddit.com | www.youtube.com | www.fixxedstudios.com | hyroxdatalab.com | usa.velitessport.com,yes
hyrox farmers carry,320,450,0,,LOW,,,roxlyfe.com | www.reddit.com | www.hyresult.com | usa.velitessport.com | wodwell.com | hyrox.rhtrainingclub.com | www.puregym.com,yes
hyrox sandbag lunges,210,303,0,9.15,LOW,,,roxlyfe.com | usa.velitessport.com | www.reddit.com | www.theprogrm.com | www.instagram.com | www.puregym.com,yes
hyrox ski erg,390,517,1,3.86,MEDIUM,,,roxlyfe.com | www.concept2.com | www.instagram.com | www.rox-coach.com | eu.velitessport.com,yes
hyrox rowing,210,280,6,6.34,HIGH,,,hyrox.com | www.reddit.com | roxlyfe.com | www.concept2.com | www.puregym.com | eu.velitessport.com | www.youtube.com,yes
hyrox roxzone,50,70,0,,LOW,,,www.reddit.com | www.redbull.com | roxlyfe.com | roxzone.training | hyroxdatalab.com | www.facebook.com,yes
hyrox rules,1000,1400,21,0.59,LOW,,,hyrox.com | maintain.hyrox.com | hyrox.co.in | hyroxbenelux.com | maintain.hyrox.com | www.villagegym.co.uk | roxlyfe.com,yes
hyrox divisions,320,420,20,,LOW,,,hyrox.com | hyrox.com | hyroxtaiwan.com | hyroxinsider.com | hyroxbenelux.com | www.redbull.com | us.puma.com,yes
hyrox pro vs open,260,320,2,,LOW,,,hyrox.com | www.reddit.com | www.facebook.com | www.rmr.training | www.niviasports.com | hybridprocoach.com | rb100.fitness,yes
hyrox doubles,2900,3633,3,5.48,LOW,,,hyrox.com | maintain.hyrox.com | www.gowod.app | www.gymshark.com | www.facebook.com,yes
hyrox relay,1600,1967,5,,LOW,,,hyrox.com | www.reddit.com | hyrox.mx | www.facebook.com | hyroxaustralia.com | hyroxuk.com,yes
what is hyrox,33100,53167,22,0.72,LOW,,,hyrox.com | www.reddit.com | en.wikipedia.org | www.redbull.com | hyrox.com | www.gowod.app | eu.velitessport.com | www.skysports.com,yes
hyrox vs crossfit,2900,3867,0,0.23,LOW,,,www.reddit.com | www.menshealth.com | www.villagegym.co.uk | www.crossfit.com | www.puregym.com | www.arsenalhealth.com,yes
hyrox vs deka,90,113,0,,LOW,,,www.reddit.com | www.trxtraining.com | www.facebook.com | hyperwear.com | www.triofitnesstraining.com | roxzone.training | www.youtube.com | thebattlebunker.com | open.spotify.com,yes
hyrox cost,880,1400,6,,LOW,,,www.reddit.com | hyrox.com | hyrox.com | hyrox.com | www.gowod.app | hyroxinsider.com | hyroxus.com | www.instagram.com,yes
hyrox price,590,1160,25,,LOW,,,hyrox.com | www.reddit.com | hyrox.com | hyrox.com | hyrox.com | www.instagram.com | hyrox.com | hyrox.com,yes
hyrox tickets,4400,6367,22,,LOW,,,hyrox.com | hyrox.com | hyrox.com | hyrox.com | hyroxus.com | hyrox.com | hyrox.com | hyroxpoland.com | hyroxfrance.com,yes
hyrox registration,720,597,19,3.93,LOW,,,hyrox.com | hyrox.com | hyrox.com | hyrox.com | hyrox.com | hyroxus.com | hyroxfrance.com | hyrox.com | hyroxhk.com | hyroxuk.com,yes
