Title,Media URL,Pinterest board,Thumbnail,Description,Link,Publish date,Keywords
30-minute beginner Hyrox workout you can start this week,https://www.hyroxvault.com/images/pins/pin-2026-08-01.jpg,HYROX Training for Beginners,,"Three rounds of a 500 m row, 15 wall balls, a 400 m run and 10 burpee broad jumps, with two minutes rest between rounds. No race weight and no full station setup - just the first Hyrox session most beginners can actually finish. Save it for your first training week.",https://www.hyroxvault.com/training/beginner/,2026-08-10T09:00:00,"beginner hyrox workout, hyrox workout for beginners, first hyrox workout, 30 minute hyrox workout"
Wall ball ladder workout: 90 reps at Hyrox race weight,https://www.hyroxvault.com/images/pins/pin-2026-08-02.jpg,HYROX Wall Ball and Station Work,,"A wall ball ladder that builds unbroken capacity without wrecking your shoulders: 10, 20, 30, 20 then 10 reps at 6 kg/4 kg to a 10 ft/9 ft target, resting one second for every rep you just did. Ninety quality reps in under 15 minutes. Save it for your next station day.",https://www.hyroxvault.com/stations/wall-balls/standards/,2026-08-13T09:00:00,"hyrox wall ball workout, wall ball ladder, wall ball training, hyrox wall balls"
5 x 400 m Hyrox running workout to lock in race pace,https://www.hyroxvault.com/images/pins/pin-2026-08-03.jpg,HYROX Running Workouts,,"Hyrox running is eight separate 1 km efforts at one repeatable pace, and 400 m repeats are the cheapest way to learn it. Run five at goal race pace with a 60-second walk between, and keep every rep within three seconds of the first. Add a rep each week. Save it for your next run day.",https://www.hyroxvault.com/training/running/,2026-08-17T09:00:00,"hyrox running workout, 400m repeats, hyrox race pace, hyrox running training"
"20-minute Hyrox EMOM: four stations, twenty rounds",https://www.hyroxvault.com/images/pins/pin-2026-08-04.jpg,HYROX Workouts,,"An every-minute-on-the-minute Hyrox session you can run in any gym: 12 wall balls, 10 burpee broad jumps, 15 calories on the SkiErg, then a 200 m run, five times through. Your rest is whatever is left in the minute, so scale the reps to keep 15 seconds back. Save it for a short training day.",https://www.hyroxvault.com/workouts/,2026-08-20T09:00:00,"hyrox emom, 20 minute hyrox workout, hyrox workout, functional fitness emom"
SkiErg 6 x 250 m workout to find your Hyrox race split,https://www.hyroxvault.com/images/pins/pin-2026-08-05.jpg,HYROX Wall Ball and Station Work,,"The Hyrox SkiErg goes wrong when you open too hard and pay for it on the sled. Six 250 m efforts with 45 seconds rest teach you a split you can actually repeat: hold all six within two seconds of each other, then add three seconds per 500 m for race pace. Save it for station day.",https://www.hyroxvault.com/stations/skierg/standards/,2026-08-24T09:00:00,"hyrox skierg workout, skierg intervals, skierg pacing, hyrox ski erg"
"Sled push, sled pull, run: the Hyrox middle-of-race triplet",https://www.hyroxvault.com/images/pins/pin-2026-08-06.jpg,HYROX Workouts,,"Stations 2 and 3 are where first-timers lose the race, and they always come with a run attached. Four rounds of a 25 m sled push, a 25 m sled pull and a 400 m run at race weight teaches your legs to keep moving after the sled. Ninety seconds rest between rounds. Save it.",https://www.hyroxvault.com/workouts/hyrox-simulation-workout/,2026-08-27T09:00:00,"hyrox sled workout, sled push sled pull, hyrox station workout, hyrox training"
Treadmill pyramid workout for Hyrox: 1-2-3-2-1 minutes,https://www.hyroxvault.com/images/pins/pin-2026-08-07.jpg,HYROX Running Workouts,,"A running session with no watch maths: run one minute hard, then two, then three, then back down, resting as long as the effort you just ran. Hold race pace on the three-minute rep and go faster on the ones. Nine minutes of work that fits any lunch break. Save it for a treadmill day.",https://www.hyroxvault.com/training/running/,2026-08-31T09:00:00,"hyrox treadmill workout, treadmill pyramid, hyrox running intervals, treadmill intervals"
Sled push pyramid workout to survive Hyrox race weight,https://www.hyroxvault.com/images/pins/pin-2026-08-08.jpg,HYROX Wall Ball and Station Work,,"Most athletes stall on the sled because they only ever train it light. This pyramid walks you up to race weight in one session: 25 m at 60 percent, 25 m at 80 percent, then two sets at the full 152 kg or 102 kg, with two minutes walking rest. Short steps, low hips. Save it.",https://www.hyroxvault.com/stations/sled-push/standards/,2026-09-03T09:00:00,"hyrox sled push workout, sled push training, sled push race weight, hyrox sled"
Descending ladder workout: 4 runs and 100 wall balls,https://www.hyroxvault.com/images/pins/pin-2026-08-09.jpg,HYROX Workouts,,"Four 800 m runs paired with 40, 30, 20 and 10 wall balls. The reps shrink as you tire, so you keep running honestly instead of jogging to recover. A hundred wall balls in total and about 35 minutes, with no sled or SkiErg needed. Save it for a mid-week session.",https://www.hyroxvault.com/workouts/mini-hyrox-simulation/,2026-09-07T09:00:00,"hyrox workout, wall ball workout, descending ladder workout, hyrox running and wall balls"
Burpee broad jump workout: 80 m broken into four sets,https://www.hyroxvault.com/images/pins/pin-2026-08-10.jpg,HYROX Wall Ball and Station Work,,"The Hyrox burpee broad jump station is 80 m long and it is where pacing falls apart. Train it broken: four sets of 20 m with 45 seconds rest, holding the same time for every set, with one breath at the top of each jump. Under five minutes for the full 80 m is race-ready. Save it.",https://www.hyroxvault.com/stations/burpee-broad-jumps/standards/,2026-09-10T09:00:00,"hyrox burpee broad jumps, burpee broad jump workout, hyrox station training, burpee workout"
"Half Hyrox with no equipment: 4 runs, 4 bodyweight stations",https://www.hyroxvault.com/images/pins/pin-2026-08-11.jpg,HYROX Training for Beginners,,"No sled, no SkiErg, no wall ball - just a 1 km run before each of four bodyweight stations: 40 air squats, 20 burpee broad jumps, 40 walking lunges and 40 push-ups. Four kilometres of running in Hyrox format that you can do from your front door. Save it for a travel week.",https://www.hyroxvault.com/training/beginner/,2026-09-14T09:00:00,"hyrox workout no equipment, bodyweight hyrox workout, hyrox at home, beginner hyrox training"
Run-station brick workout: 4 x 800 m with wall balls,https://www.hyroxvault.com/images/pins/pin-2026-08-12.jpg,HYROX Running Workouts,,"Fresh legs are not the problem in Hyrox - station legs are. Four rounds of an 800 m run at race pace straight into 20 wall balls, with no rest until the last round ends. Compare your first and fourth run: a gap under 15 seconds means your pacing holds up. Save it.",https://www.hyroxvault.com/workouts/compromised-running-test/,2026-09-17T09:00:00,"compromised running hyrox, run station brick, hyrox running workout, hyrox brick workout"
Farmers carry workout for Hyrox: 4 x 200 m at race weight,https://www.hyroxvault.com/images/pins/pin-2026-08-13.jpg,HYROX Wall Ball and Station Work,,"The Hyrox farmers carry is 200 m with 2 x 24 kg or 2 x 16 kg, and grip is the only thing that fails. Train four sets of 200 m with 90 seconds rest, hooking the handles rather than crushing them, and resetting within five seconds if you drop. Save it for your weekly station day.",https://www.hyroxvault.com/stations/farmers-carry/standards/,2026-09-21T09:00:00,"hyrox farmers carry, farmers carry workout, grip training hyrox, hyrox station workout"
All 8 Hyrox stations at half distance in one 35-minute round,https://www.hyroxvault.com/images/pins/pin-2026-08-14.jpg,HYROX Workouts,,"Every Hyrox station in one session at half distance: 500 m SkiErg, two sled pushes and pulls, 40 m of burpee broad jumps, a 500 m row, a 100 m carry, 50 m of sandbag lunges and 50 wall balls, with a 500 m run between each. All the skills, a third of the recovery cost. Save it.",https://www.hyroxvault.com/workouts/hyrox-simulation-workout/,2026-09-24T09:00:00,"hyrox simulation workout, half hyrox workout, hyrox station circuit, hyrox training session"
Sandbag lunge workout for Hyrox: 4 x 50 m at race weight,https://www.hyroxvault.com/images/pins/pin-2026-08-15.jpg,HYROX Wall Ball and Station Work,,"Sandbag lunges are station 7, which means you meet them with nothing left. Train four sets of 50 m at 20 kg or 10 kg with a minute rest, touching your knee down every rep and swapping shoulders every 25 m. Short steps beat long ones once your legs go. Save it.",https://www.hyroxvault.com/stations/sandbag-lunges/standards/,2026-09-28T09:00:00,"hyrox sandbag lunges, sandbag lunge workout, hyrox lunges, hyrox station training"
How to build to 8 x 1 km Hyrox repeats in four weeks,https://www.hyroxvault.com/images/pins/pin-2026-08-16.jpg,HYROX Running Workouts,,"Do not start at eight. Build from four repeats with 90 seconds rest to eight with 60 seconds over four weeks, holding the same pace on every single rep. Repeatability, not speed, is what the Hyrox run tests. Save the four-week progression and run it once a week.",https://www.hyroxvault.com/workouts/hyrox-1k-repeats/,2026-10-01T09:00:00,"hyrox 1k repeats, hyrox running workout, 1km repeats, hyrox running progression"
"The grip-and-go carry triplet: farmers carry, lunges, row",https://www.hyroxvault.com/images/pins/pin-2026-08-17.jpg,HYROX Workouts,,"Stations 6, 7 and 8 all punish the same thing - grip and posture. Three rounds of a 100 m farmers carry, 50 m of sandbag lunges and a 500 m row with two minutes rest trains the back half of a Hyrox race in about 25 minutes. Save it for your next station day.",https://www.hyroxvault.com/workouts/200m-walking-lunges/,2026-10-05T09:00:00,"hyrox carry workout, farmers carry sandbag lunge, hyrox grip training, hyrox workout"
Heavy sled pull workout: 4 x 25 m at Hyrox race weight,https://www.hyroxvault.com/images/pins/pin-2026-08-18.jpg,HYROX Wall Ball and Station Work,,"The Hyrox sled pull wrecks lower backs when athletes round their spine and yank the rope. Four sets of 25 m at 103 kg or 78 kg with two minutes rest, staying wide-footed with a flat back and long arms, sitting back into every pull. A hundred metres of quality. Save it.",https://www.hyroxvault.com/stations/sled-pull/standards/,2026-10-08T09:00:00,"hyrox sled pull workout, sled pull technique, hyrox sled pull, sled pull training"
The 40-minute easy run most Hyrox athletes skip,https://www.hyroxvault.com/images/pins/pin-2026-08-19.jpg,HYROX Running Workouts,,"Hyrox training goes wrong when every run is hard. Forty minutes at a pace where you can hold a conversation, finished with six 20-second strides, once or twice a week, all year round. Easy running builds the engine that your race-pace sessions spend. Save it as a standing session.",https://www.hyroxvault.com/training/running/,2026-10-12T09:00:00,"hyrox base run, zone 2 running hyrox, easy run workout, hyrox running training"
The Sunday long grind: 5 km of running broken by stations,https://www.hyroxvault.com/images/pins/pin-2026-08-20.jpg,HYROX Workouts,,"One long Hyrox session a week is enough, and this is it. Run 5 km one kilometre at a time, stopping after each for a station: 50 wall balls, a 500 m row, 50 m of sandbag lunges, then a 500 m SkiErg. Sixty to 75 minutes of race-specific work. Save it for the weekend.",https://www.hyroxvault.com/training/intermediate/,2026-10-15T09:00:00,"long hyrox workout, hyrox weekend session, hyrox endurance workout, hyrox training"
